aadb	auto_adjust_display_brightness		pipreqs
abakaffe	abakaffe_cli		pipreqs
abiosgaming	abiosgaming.py		pipreqs
abiquo	abiquo_api		pipreqs
abl	abl.cssprocessor		pipreqs
abl	abl.robot		pipreqs
abl	abl.util		pipreqs
abl	abl.vpath		pipreqs
abo	abo_generator		pipreqs
abris_transform	abris		pipreqs
abstract	abstract.jwrotator		pipreqs
abu	abu.admin		pipreqs
ac_flask	AC_Flask_HipChat		pipreqs
acg	anikom15		pipreqs
acme	acme.dchat		pipreqs
acme	acme.hello		pipreqs
acted	acted.projects		pipreqs
action	ActionServer		pipreqs
actionbar	actionbar.panel		pipreqs
activehomed	afn		pipreqs
activepapers	ActivePapers.Py		pipreqs
Adafruit	Adafruit_Libraries		pipreqs
address_book	address_book_lansry		pipreqs
adi	adi.commons		pipreqs
adi	adi.devgen		pipreqs
adi	adi.fullscreen		pipreqs
adi	adi.init		pipreqs
adi	adi.playlist		pipreqs
adi	adi.samplecontent		pipreqs
adi	adi.slickstyle		pipreqs
adi	adi.suite		pipreqs
adi	adi.trash		pipreqs
adict	aDict2		pipreqs
aditam	aditam.agent		pipreqs
aditam	aditam.core		pipreqs
adiumsh	adium_sh		pipreqs
adjector	AdjectorClient		pipreqs
adjector	AdjectorTracPlugin		pipreqs
adkit	Banner_Ad_Toolkit		pipreqs
admin_tools	django_admin_tools		pipreqs
adminishcategories	adminish_categories		pipreqs
adminsortable	django_admin_sortable		pipreqs
adspygoogle	adspygoogle.adwords		pipreqs
advancedcaching	agtl		pipreqs
adytum	Adytum_PyMonitor		pipreqs
affinitic	affinitic.docpyflakes		pipreqs
affinitic	affinitic.recipe.fakezope2eggs		pipreqs
affinitic	affinitic.simplecookiecuttr		pipreqs
affinitic	affinitic.verifyinterface		pipreqs
affinitic	affinitic.zamqp		pipreqs
afpy	afpy.xap		pipreqs
AFQ	pyAFQ		pipreqs
AG_fft_tools	agpy		pipreqs
agatesql	agate_sql		pipreqs
ageliaco	ageliaco.recipe.csvconfig		pipreqs
agent_http	agent.http		pipreqs
agora	Agora_Client		pipreqs
agora	Agora_Fountain		pipreqs
agora	Agora_Fragment		pipreqs
agora	Agora_Planner		pipreqs
agora	Agora_Service_Provider		pipreqs
agoraplex	agoraplex.themes.sphinx		pipreqs
agsci	agsci.blognewsletter		pipreqs
agx	agx.core		pipreqs
agx	agx.dev		pipreqs
agx	agx.generator.buildout		pipreqs
agx	agx.generator.dexterity		pipreqs
agx	agx.generator.generator		pipreqs
agx	agx.generator.plone		pipreqs
agx	agx.generator.pyegg		pipreqs
agx	agx.generator.sql		pipreqs
agx	agx.generator.uml		pipreqs
agx	agx.generator.zca		pipreqs
agx	agx.transform.uml2fs		pipreqs
agx	agx.transform.xmi2uml		pipreqs
aimes	aimes.bundle		pipreqs
aimes	aimes.skeleton		pipreqs
aio	aio.app		pipreqs
aio	aio.config		pipreqs
aio	aio.core		pipreqs
aio	aio.signals		pipreqs
aiohs2	aio_hs2		pipreqs
aioroutes	aio_routes		pipreqs
aios3	aio_s3		pipreqs
airbrake	airbrake_flask		pipreqs
airship	airship_icloud		pipreqs
airship	airship_steamcloud		pipreqs
akamai	edgegrid_python		pipreqs
alation	alation_api		pipreqs
alba_client	alba_client_python		pipreqs
alburnum	alburnum_maas_client		pipreqs
alchemist	alchemist.audit		pipreqs
alchemist	alchemist.security		pipreqs
alchemist	alchemist.traversal		pipreqs
alchemist	alchemist.ui		pipreqs
alchemyapi	alchemyapi_python		pipreqs
alerta	alerta_server		pipreqs
alexandria_upload	Alexandria_Upload_Utils		pipreqs
alibaba	alibaba_python_sdk		pipreqs
aliyun	aliyun_python_sdk		pipreqs
aliyuncli	alicloudcli		pipreqs
aliyunsdkacs	aliyun_python_sdk_acs		pipreqs
aliyunsdkbatchcompute	aliyun_python_sdk_batchcompute		pipreqs
aliyunsdkbsn	aliyun_python_sdk_bsn		pipreqs
aliyunsdkbss	aliyun_python_sdk_bss		pipreqs
aliyunsdkcdn	aliyun_python_sdk_cdn		pipreqs
aliyunsdkcms	aliyun_python_sdk_cms		pipreqs
aliyunsdkcore	aliyun_python_sdk_core		pipreqs
aliyunsdkcrm	aliyun_python_sdk_crm		pipreqs
aliyunsdkcs	aliyun_python_sdk_cs		pipreqs
aliyunsdkdrds	aliyun_python_sdk_drds		pipreqs
aliyunsdkecs	aliyun_python_sdk_ecs		pipreqs
aliyunsdkess	aliyun_python_sdk_ess		pipreqs
aliyunsdkft	aliyun_python_sdk_ft		pipreqs
aliyunsdkmts	aliyun_python_sdk_mts		pipreqs
aliyunsdkocs	aliyun_python_sdk_ocs		pipreqs
aliyunsdkoms	aliyun_python_sdk_oms		pipreqs
aliyunsdkossadmin	aliyun_python_sdk_ossadmin		pipreqs
aliyunsdkr-kvstore	aliyun_python_sdk_r_kvstore		pipreqs
aliyunsdkram	aliyun_python_sdk_ram		pipreqs
aliyunsdkrds	aliyun_python_sdk_rds		pipreqs
aliyunsdkrisk	aliyun_python_sdk_risk		pipreqs
aliyunsdkros	aliyun_python_sdk_ros		pipreqs
aliyunsdkslb	aliyun_python_sdk_slb		pipreqs
aliyunsdksts	aliyun_python_sdk_sts		pipreqs
aliyunsdkubsms	aliyun_python_sdk_ubsms		pipreqs
aliyunsdkyundun	aliyun_python_sdk_yundun		pipreqs
allattachments	AllAttachmentsMacro		pipreqs
allocine	allocine_wrapper		pipreqs
allowedsites	django_allowedsites		pipreqs
alm	alm.solrindex		pipreqs
aloft	aloft.py		pipreqs
alpacalib	alpaca		pipreqs
alphabetic	alphabetic_simple		pipreqs
alphasms	alphasms_client		pipreqs
altered	altered.states		pipreqs
alterootheme	alterootheme.busycity		pipreqs
alterootheme	alterootheme.intensesimplicity		pipreqs
alterootheme	alterootheme.lazydays		pipreqs
alurinium	alurinium_image_processing		pipreqs
alxlib	alx		pipreqs
amara3	amara3_iri		pipreqs
amara3	amara3_xml		pipreqs
amazon	AmazonAPIWrapper		pipreqs
amazon	python_amazon_simple_product_api		pipreqs
ambikesh1349-1	ambikesh1349_1		pipreqs
ambilight	AmbilightParty		pipreqs
amifs	amifs_core		pipreqs
amiorganizer	ami_organizer		pipreqs
amitu	amitu.lipy		pipreqs
amitu	amitu_putils		pipreqs
amitu	amitu_websocket_client		pipreqs
amitu	amitu_zutils		pipreqs
amltlearn	AMLT_learn		pipreqs
amocrm	amocrm_api		pipreqs
amqpdispatcher	amqp_dispatcher		pipreqs
amqpstorm	AMQP_Storm		pipreqs
analytics	analytics_python		pipreqs
analyzedir	AnalyzeDirectory		pipreqs
ancientsolutions	ancientsolutions_crypttools		pipreqs
anderson_paginator	anderson.paginator		pipreqs
android_clean_app	android_resource_remover		pipreqs
anel_power_control	AnelPowerControl		pipreqs
angus	angus_sdk_python		pipreqs
annalist_root	Annalist		pipreqs
annogesiclib	ANNOgesic		pipreqs
ANSI	pexpect		pipreqs
ansible-role-apply	ansible_role_apply		pipreqs
ansibledebugger	ansible_playbook_debugger		pipreqs
ansibledocgen	ansible_docgen		pipreqs
ansibleflow	ansible_flow		pipreqs
ansibleinventorygrapher	ansible_inventory_grapher		pipreqs
ansiblelint	ansible_lint		pipreqs
ansiblerolesgraph	ansible_roles_graph		pipreqs
ansibletools	ansible_tools		pipreqs
anthill	anthill.exampletheme		pipreqs
anthill	anthill.skinner		pipreqs
anthill	anthill.tal.macrorenderer		pipreqs
anthrax	AnthraxDojoFrontend		pipreqs
anthrax	AnthraxHTMLInput		pipreqs
anthrax	AnthraxImage		pipreqs
antisphinx	antiweb		pipreqs
antispoofing	antispoofing.evaluation		pipreqs
antlr4	antlr4_python2_runtime		pipreqs
antlr4	antlr4_python3_runtime		pipreqs
antlr4	antlr4_python_alt		pipreqs
anybox	anybox.buildbot.openerp		pipreqs
anybox	anybox.nose.odoo		pipreqs
anybox	anybox.paster.odoo		pipreqs
anybox	anybox.paster.openerp		pipreqs
anybox	anybox.recipe.sysdeps		pipreqs
anybox	anybox.scripts.odoo		pipreqs
apitools	google_apitools		pipreqs
apm	arpm		pipreqs
App	Zope2		pipreqs
app_data	django_appdata		pipreqs
appconf	django_appconf		pipreqs
appd	AppDynamicsDownloader		pipreqs
appd	AppDynamicsREST		pipreqs
appdynamics_bindeps	appdynamics_bindeps_linux_x64		pipreqs
appdynamics_bindeps	appdynamics_bindeps_linux_x86		pipreqs
appdynamics_bindeps	appdynamics_bindeps_osx_x64		pipreqs
appdynamics_proxysupport	appdynamics_proxysupport_linux_x64		pipreqs
appdynamics_proxysupport	appdynamics_proxysupport_linux_x86		pipreqs
appdynamics_proxysupport	appdynamics_proxysupport_osx_x64		pipreqs
appium	Appium_Python_Client		pipreqs
appliapps	applibase		pipreqs
appserver	broadwick		pipreqs
archetypes	archetypes.kss		pipreqs
archetypes	archetypes.multilingual		pipreqs
archetypes	archetypes.schemaextender		pipreqs
arm	ansible_role_manager		pipreqs
armor	armor_api		pipreqs
armstrong	armstrong.apps.related_content		pipreqs
armstrong	armstrong.apps.series		pipreqs
armstrong	armstrong.cli		pipreqs
armstrong	armstrong.core.arm_access		pipreqs
armstrong	armstrong.core.arm_layout		pipreqs
armstrong	armstrong.core.arm_sections		pipreqs
armstrong	armstrong.core.arm_wells		pipreqs
armstrong	armstrong.dev		pipreqs
armstrong	armstrong.esi		pipreqs
armstrong	armstrong.hatband		pipreqs
armstrong	armstrong.templates.standard		pipreqs
armstrong	armstrong.utils.backends		pipreqs
armstrong	armstrong.utils.celery		pipreqs
arstecnica	arstecnica.raccoon.autobahn		pipreqs
arstecnica	arstecnica.sqlalchemy.async		pipreqs
article-downloader	article_downloader		pipreqs
artifactcli	artifact_cli		pipreqs
arvados	arvados_python_client		pipreqs
arvados_cwl	arvados_cwl_runner		pipreqs
arvnodeman	arvados_node_manager		pipreqs
asana_to_github	AsanaToGithub		pipreqs
asciibinary	AsciiBinaryConverter		pipreqs
asd	AdvancedSearchDiscovery		pipreqs
askbot	askbot_tuan		pipreqs
askbot	askbot_tuanpa		pipreqs
asnhistory	asnhistory_redis		pipreqs
aspen_jinja2_renderer	aspen_jinja2		pipreqs
aspen_tornado_engine	aspen_tornado		pipreqs
asprise_ocr_api	asprise_ocr_sdk_python_api		pipreqs
aspy	aspy.refactor_imports		pipreqs
aspy	aspy.yaml		pipreqs
Asterisk	py_Asterisk		pipreqs
asterisk	asterisk_ami		pipreqs
asts	add_asts		pipreqs
asymmetricbase	asymmetricbase.enum		pipreqs
asymmetricbase	asymmetricbase.fields		pipreqs
asymmetricbase	asymmetricbase.logging		pipreqs
asymmetricbase	asymmetricbase.utils		pipreqs
asyncirc	asyncio_irc		pipreqs
asyncmongoorm	asyncmongoorm_je		pipreqs
asyncssh	asyncssh_unofficial		pipreqs
athletelist	athletelistyy		pipreqs
atm	automium		pipreqs
atmosphere	atmosphere_python_client		pipreqs
atomic	AtomicWrite		pipreqs
atomisator	atomisator.db		pipreqs
atomisator	atomisator.enhancers		pipreqs
atomisator	atomisator.feed		pipreqs
atomisator	atomisator.indexer		pipreqs
atomisator	atomisator.outputs		pipreqs
atomisator	atomisator.parser		pipreqs
atomisator	atomisator.readers		pipreqs
atreal	atreal.cmfeditions.unlocker		pipreqs
atreal	atreal.filestorage.common		pipreqs
atreal	atreal.layouts		pipreqs
atreal	atreal.mailservices		pipreqs
atreal	atreal.massloader		pipreqs
atreal	atreal.monkeyplone		pipreqs
atreal	atreal.override.albumview		pipreqs
atreal	atreal.richfile.preview		pipreqs
atreal	atreal.richfile.qualifier		pipreqs
atreal	atreal.usersinout		pipreqs
atsim	atsim.potentials		pipreqs
attractsdk	attract_sdk		pipreqs
audio	audio.bitstream		pipreqs
audio	audio.coders		pipreqs
audio	audio.filters		pipreqs
audio	audio.fourier		pipreqs
audio	audio.frames		pipreqs
audio	audio.lp		pipreqs
audio	audio.psychoacoustics		pipreqs
audio	audio.quantizers		pipreqs
audio	audio.shrink		pipreqs
audio	audio.wave		pipreqs
aufrefer	auf_refer		pipreqs
auslfe	auslfe.formonline.content		pipreqs
auspost	auspost_apis		pipreqs
auth0	auth0_python		pipreqs
auth_server_client	AuthServerClient		pipreqs
authorize	AuthorizeSauce		pipreqs
authzpolicy	AuthzPolicyPlugin		pipreqs
avatar	geonode_avatar		pipreqs
awebview	android_webview		pipreqs
b2gcommands	b2g_commands		pipreqs
b2gperf	b2gperf_v1.3		pipreqs
b2gperf	b2gperf_v1.4		pipreqs
b2gperf	b2gperf_v2.0		pipreqs
b2gperf	b2gperf_v2.1		pipreqs
b2gperf	b2gperf_v2.2		pipreqs
b2gpopulate	b2gpopulate_v1.3		pipreqs
b2gpopulate	b2gpopulate_v1.4		pipreqs
b2gpopulate	b2gpopulate_v2.0		pipreqs
b2gpopulate	b2gpopulate_v2.1		pipreqs
b2gpopulate	b2gpopulate_v2.2		pipreqs
b3j0f	b3j0f.annotation		pipreqs
b3j0f	b3j0f.aop		pipreqs
b3j0f	b3j0f.conf		pipreqs
b3j0f	b3j0f.sync		pipreqs
b3j0f	b3j0f.utils		pipreqs
babelglade	BabelGladeExtractor		pipreqs
backplane	backplane2_pyclient		pipreqs
backport_abcoll	backport_collections		pipreqs
backports	backports.functools_lru_cache		pipreqs
backports	backports.inspect		pipreqs
backports	backports.pbkdf2		pipreqs
backports	backports.shutil_get_terminal_size		pipreqs
backports	backports.socketpair		pipreqs
backports	backports.ssl		pipreqs
backports	backports.ssl_match_hostname		pipreqs
backports	backports.statistics		pipreqs
badgekit	badgekit_api_client		pipreqs
badlinks	BadLinksPlugin		pipreqs
bael	bael.project		pipreqs
baidu	baidupy		pipreqs
balrog	buildtools		pipreqs
baluhn	baluhn_redux		pipreqs
bamboo	bamboo.pantrybell		pipreqs
bamboo	bamboo.scaffold		pipreqs
bamboo	bamboo.setuptools_version		pipreqs
bamboo	bamboo_data		pipreqs
bamboo	bamboo_server		pipreqs
bambu	bambu_codemirror		pipreqs
bambu	bambu_dataportability		pipreqs
bambu	bambu_enqueue		pipreqs
bambu	bambu_faq		pipreqs
bambu	bambu_ffmpeg		pipreqs
bambu	bambu_grids		pipreqs
bambu	bambu_international		pipreqs
bambu	bambu_jwplayer		pipreqs
bambu	bambu_minidetect		pipreqs
bambu	bambu_navigation		pipreqs
bambu	bambu_notifications		pipreqs
bambu	bambu_payments		pipreqs
bambu	bambu_pusher		pipreqs
bambu	bambu_saas		pipreqs
bambu	bambu_sites		pipreqs
banana	Bananas		pipreqs
banana	banana.maya		pipreqs
bang	bangtext		pipreqs
Banzai	Banzai_NGS		pipreqs
barcode	barcode_generator		pipreqs
bark	bark_ssg		pipreqs
barking_owl	BarkingOwl		pipreqs
bart	bart_py		pipreqs
basalt	basalt_tasks		pipreqs
base62	base_62		pipreqs
basemap	basemap_Jim		pipreqs
bash	bash_toolbelt		pipreqs
bashutils	Python_Bash_Utils		pipreqs
basic_http	BasicHttp		pipreqs
basil	basil_daq		pipreqs
batchapps	azure_batch_apps		pipreqs
BB_jekyll_hook	bitbucket_jekyll_hook		pipreqs
BeautifulSoupTests	BeautifulSoup		pipreqs
beetsplug	beets		pipreqs
begin	begins		pipreqs
benchit	bench_it		pipreqs
beproud	beproud.utils		pipreqs
bfillings	burrito_fillings		pipreqs
bigjob	BigJob		pipreqs
billboard	billboard.py		pipreqs
binstar_build_client	anaconda_build		pipreqs
binstar_client	anaconda_client		pipreqs
biocommons	biocommons.dev		pipreqs
birdhousebuilder	birdhousebuilder.recipe.conda		pipreqs
birdhousebuilder	birdhousebuilder.recipe.docker		pipreqs
birdhousebuilder	birdhousebuilder.recipe.redis		pipreqs
birdhousebuilder	birdhousebuilder.recipe.supervisor		pipreqs
blender26-meshio	pymeshio		pipreqs
bootstrap	BigJob		pipreqs
borg	borg.localrole		pipreqs
bow	bagofwords		pipreqs
bpdb	bpython		pipreqs
bqapi	bisque_api		pipreqs
braces	django_braces		pipreqs
briefscaster	briefs_caster		pipreqs
brisa_media_server/plugins	brisa_media_server_plugins		pipreqs
brkt_requests	brkt_sdk		pipreqs
broadcastlogging	broadcast_logging		pipreqs
brocadetool	brocade_tool		pipreqs
bronto	bronto_python		pipreqs
browsermobproxy	browsermob_proxy		pipreqs
brubeckmysql	brubeck_mysql		pipreqs
brubeckoauth	brubeck_oauth		pipreqs
brubeckservice	brubeck_service		pipreqs
brubeckuploader	brubeck_uploader		pipreqs
bst	bst.pygasus.core		pipreqs
bst	bst.pygasus.datamanager		pipreqs
bst	bst.pygasus.demo		pipreqs
bst	bst.pygasus.i18n		pipreqs
bst	bst.pygasus.resources		pipreqs
bst	bst.pygasus.scaffolding		pipreqs
bst	bst.pygasus.security		pipreqs
bst	bst.pygasus.session		pipreqs
bst	bst.pygasus.wsgi		pipreqs
btable	btable_py		pipreqs
btapi	bananatag_api		pipreqs
btceapi	btce_api		pipreqs
btcebot	btce_bot		pipreqs
btsync	btsync.py		pipreqs
buck	buck.pprint		pipreqs
bud	bud.nospam		pipreqs
budy	budy_api		pipreqs
buffer	buffer_alpaca		pipreqs
buggd	bug.gd		pipreqs
bugle	bugle_sites		pipreqs
bugspots	bug_spots		pipreqs
bugzilla	python_bugzilla		pipreqs
bugzscout	bugzscout_py		pipreqs
BuildbotStatusShields	BuildbotEightStatusShields		pipreqs
buildnotifylib	BuildNotify		pipreqs
buildout	buildout.bootstrap		pipreqs
buildout	buildout.disablessl		pipreqs
buildout	buildout.dumppickedversions		pipreqs
buildout	buildout.dumppickedversions2		pipreqs
buildout	buildout.dumprequirements		pipreqs
buildout	buildout.eggnest		pipreqs
buildout	buildout.eggscleaner		pipreqs
buildout	buildout.eggsdirectories		pipreqs
buildout	buildout.eggtractor		pipreqs
buildout	buildout.extensionscripts		pipreqs
buildout	buildout.locallib		pipreqs
buildout	buildout.packagename		pipreqs
buildout	buildout.recipe.isolation		pipreqs
buildout	buildout.removeaddledeggs		pipreqs
buildout	buildout.requirements		pipreqs
buildout	buildout.sanitycheck		pipreqs
buildout	buildout.sendpickedversions		pipreqs
buildout	buildout.threatlevel		pipreqs
buildout	buildout.umask		pipreqs
buildout	buildout.variables		pipreqs
buildslave	buildbot_slave		pipreqs
buildTools	ajk_ios_buildTools		pipreqs
builtins	pies2overrides		pipreqs
bumper	bumper_lib		pipreqs
bumple	bumple_downloader		pipreqs
bundesliga	bundesliga_cli		pipreqs
bundlemaker	bundlemanager		pipreqs
burpui	burp_ui		pipreqs
busyflow	busyflow.pivotal		pipreqs
buttercms-django	buttercms_django		pipreqs
buzz	buzz_python_client		pipreqs
bvc	buildout_versions_checker		pipreqs
bvggrabber	bvg_grabber		pipreqs
byond	BYONDTools		pipreqs
bzETL	Bugzilla_ETL		pipreqs
bzlib	bugzillatools		pipreqs
bzrlib	bzr		pipreqs
bzrlib	bzr_automirror		pipreqs
bzrlib	bzr_bash_completion		pipreqs
bzrlib	bzr_colo		pipreqs
bzrlib	bzr_killtrailing		pipreqs
bzrlib	bzr_pqm		pipreqs
c2c	c2c.cssmin		pipreqs
c2c	c2c.recipe.closurecompile		pipreqs
c2c	c2c.recipe.cssmin		pipreqs
c2c	c2c.recipe.jarfile		pipreqs
c2c	c2c.recipe.msgfmt		pipreqs
c2c	c2c.recipe.pkgversions		pipreqs
c2c	c2c.sqlalchemy.rest		pipreqs
c2c	c2c.versions		pipreqs
c2c_recipe_facts	c2c.recipe.facts		pipreqs
cabalgata	cabalgata_silla_de_montar		pipreqs
cabalgata	cabalgata_zookeeper		pipreqs
cache_utils	django_cache_utils		pipreqs
captcha	django_recaptcha		pipreqs
cartridge	Cartridge		pipreqs
cassandralauncher	CassandraLauncher		pipreqs
cc42	42qucc		pipreqs
cerberus	Cerberus		pipreqs
cfnlint	cfn-lint		pipreqs
chameleon	Chameleon		pipreqs
charmtools	charm_tools		pipreqs
chip8	c8d		pipreqs
classytags	django_classy_tags		pipreqs
cloghandler	ConcurrentLogHandler		pipreqs
clonevirtualenv	virtualenv_clone		pipreqs
cloud-insight	al_cloudinsight		pipreqs
cloud_admin	adminapi		pipreqs
cloudservers	python_cloudservers		pipreqs
clusterconsole	cerebrod		pipreqs
clustersitter	cerebrod		pipreqs
colors	ansicolors		pipreqs
compile	bf_lc3		pipreqs
compose	docker_compose		pipreqs
compressor	django_compressor		pipreqs
ComputedAttribute	ExtensionClass		pipreqs
concurrent	futures		pipreqs
configargparse	ConfigArgParse		pipreqs
configparser	pies2overrides		pipreqs
constraint	python-constraint		pipreqs
contracts	PyContracts		pipreqs
coordination	BigJob		pipreqs
copyreg	pies2overrides		pipreqs
corebio	weblogo		pipreqs
couchapp	Couchapp		pipreqs
couchdbcurl	couchdb_python_curl		pipreqs
courseradownloader	coursera_dl		pipreqs
cow	cow_framework		pipreqs
creole	python_creole		pipreqs
creoleparser	Creoleparser		pipreqs
crispy_forms	django_crispy_forms		pipreqs
cronlog	python_crontab		pipreqs
ctff	tff		pipreqs
curator	elasticsearch_curator		pipreqs
curl	pycurl		pipreqs
dare	DARE		pipreqs
dawg	DAWG		pipreqs
deb822	python_debian		pipreqs
debian	python_debian		pipreqs
demo	webunit		pipreqs
demosongs	PySynth		pipreqs
deployer	juju_deployer		pipreqs
depot	filedepot		pipreqs
devtools	tg.devtools		pipreqs
dgis	2gis		pipreqs
dhtmlparser	pyDHTMLParser		pipreqs
distribute_setup	ez_setup		pipreqs
distutils2	Distutils2		pipreqs
django_hstore	amitu_hstore		pipreqs
djangobower	django_bower		pipreqs
djkombu	django_kombu		pipreqs
djorm_pgarray	djorm_ext_pgarray		pipreqs
docgen	ansible_docgenerator		pipreqs
dogpile	dogpile.cache		pipreqs
dogpile	dogpile.core		pipreqs
dogshell	dogapi		pipreqs
dot_parser	pydot		pipreqs
dot_parser	pydot2		pipreqs
dot_parser	pydot3k		pipreqs
dsml	python_ldap		pipreqs
durationfield	django_durationfield		pipreqs
dzclient	datazilla		pipreqs
easybuild	easybuild_framework		pipreqs
elasticluster	azure_elasticluster		pipreqs
elasticluster	azure_elasticluster_current		pipreqs
elftools	pyelftools		pipreqs
elixir	Elixir		pipreqs
em	empy		pipreqs
emlib	empy		pipreqs
enchant	pyenchant		pipreqs
encutils	cssutils		pipreqs
enum	enum34		pipreqs
errorreporter	abl.errorreporter		pipreqs
esplot	beaker_es_plot		pipreqs
example	adrest		pipreqs
examples	tweepy		pipreqs
ez_setup	pycassa		pipreqs
fabfile	Fabric		pipreqs
fdpexpect	pexpect		pipreqs
fedora	python_fedora		pipreqs
fias	ailove_django_fias		pipreqs
fiftyone_degrees	51degrees_mobile_detector		pipreqs
FiftyOneDegrees	51degrees_mobile_detector_v3_wrapper		pipreqs
five	five.customerize		pipreqs
five	five.globalrequest		pipreqs
five	five.intid		pipreqs
five	five.localsitemanager		pipreqs
five	five.pt		pipreqs
flasher	android_flasher		pipreqs
flask_frozen	Frozen_Flask		pipreqs
flask_redis	Flask_And_Redis		pipreqs
flaskext	Flask_Bcrypt		pipreqs
flvscreen	vnc2flv		pipreqs
followit	django_followit		pipreqs
forge	pyforge		pipreqs
formencode	FormEncode		pipreqs
formtools	django_formtools		pipreqs
fourch	4ch		pipreqs
franz	allegrordf		pipreqs
frontmatter	python_frontmatter		pipreqs
FSM	pexpect		pipreqs
ftpcloudfs	ftp_cloudfs		pipreqs
funtests	librabbitmq		pipreqs
fuzzy	Fuzzy		pipreqs
gabbi	tiddlyweb		pipreqs
gen_3dwallet	3d_wallet_generator		pipreqs
gendimen	android_gendimen		pipreqs
genshi	Genshi		pipreqs
GeoBaseMain	GeoBasesDev		pipreqs
GeoBases	GeoBasesDev		pipreqs
geonode	GeoNode		pipreqs
geoserver	gsconfig		pipreqs
geraldo	Geraldo		pipreqs
getenv	django_getenv		pipreqs
geventwebsocket	gevent_websocket		pipreqs
github3	github3.py		pipreqs
gitpy	git_py		pipreqs
globusonline	globusonline_transfer_api_client		pipreqs
grace-dizmo	grace_dizmo		pipreqs
grammar	anovelmous_grammar		pipreqs
grapheneapi	graphenelib		pipreqs
greplin	scales		pipreqs
grokcore	grokcore.component		pipreqs
gslib	gsutil		pipreqs
hamcrest	PyHamcrest		pipreqs
harpy	HARPy		pipreqs
hawk	PyHawk_with_a_single_extra_commit		pipreqs
HelpSys	Zope2		pipreqs
hgext	mercurial		pipreqs
hggit	hg_git		pipreqs
hglib	python_hglib		pipreqs
ho	pisa		pipreqs
hola	amarokHola		pipreqs
hoover	Hoover		pipreqs
hostlist	python_hostlist		pipreqs
html	pies2overrides		pipreqs
htmloutput	nosehtmloutput		pipreqs
http	pies2overrides		pipreqs
hvad	django_hvad		pipreqs
i99fix	199Fix		pipreqs
inmemorystorage	ambition_inmemorystorage		pipreqs
ipaddress	backport_ipaddress		pipreqs
jaraco	jaraco.timing		pipreqs
jaraco	jaraco.util		pipreqs
jiracli	jira_cli		pipreqs
jpgrid	python_geohash		pipreqs
jpiarea	python_geohash		pipreqs
jpype	JPype1		pipreqs
jpypex	JPype1		pipreqs
jsonfield	django_jsonfield		pipreqs
jstools	aino_jstools		pipreqs
jupyterpip	jupyter_pip		pipreqs
kernprof	line_profiler		pipreqs
keyedcache	django_keyedcache		pipreqs
keystoneclient	python_keystoneclient		pipreqs
kickstarter	kickstart		pipreqs
Kittens	astro_kittens		pipreqs
krbv	krbV		pipreqs
kss	kss.core		pipreqs
kuyruk	Kuyruk		pipreqs
langconv	AdvancedLangConv		pipreqs
lava	lava_utils_interface		pipreqs
lazr	lazr.authentication		pipreqs
lazr	lazr.restfulclient		pipreqs
lazr	lazr.uri		pipreqs
ldaplib	adpasswd		pipreqs
ldapurl	python_ldap		pipreqs
ldif	python_ldap		pipreqs
lib2or3	2or3		pipreqs
lib3to2	3to2		pipreqs
libaito	Aito		pipreqs
libbe	bugs_everywhere		pipreqs
libbucket	bucket		pipreqs
libcloud	apache_libcloud		pipreqs
libfuturize	future		pipreqs
libgenerateDS	generateDS		pipreqs
libmproxy	mitmproxy		pipreqs
libpasteurize	future		pipreqs
libsvm	7lk_ocr_deploy		pipreqs
Lifetime	Zope2		pipreqs
lisa	lisa_server		pipreqs
loadingandsaving	aspose_words_java_for_python		pipreqs
logentries	buildbot_status_logentries		pipreqs
logilab	logilab_mtconverter		pipreqs
machineconsole	cerebrod		pipreqs
machinesitter	cerebrod		pipreqs
manifestparser	ManifestDestiny		pipreqs
marionette	marionette_client		pipreqs
marks	pytest_marks		pipreqs
mavnative	pymavlink		pipreqs
mesonpy	meson-python		pipreqs
metacomm	AllPairs		pipreqs
metaphone	Metafone		pipreqs
MethodObject	ExtensionClass		pipreqs
metlog	metlog_py		pipreqs
migrate	sqlalchemy_migrate		pipreqs
mimeparse	python_mimeparse		pipreqs
minitage	minitage.paste		pipreqs
minitage	minitage.recipe.common		pipreqs
missingdrawables	android_missingdrawables		pipreqs
mixfiles	PySynth		pipreqs
mkfreq	PySynth		pipreqs
mkrst_themes	2lazy2rest		pipreqs
mockredis	mockredispy		pipreqs
modargs	python_modargs		pipreqs
model_utils	django_model_utils		pipreqs
models	asposebarcode		pipreqs
models	asposestorage		pipreqs
moksha	moksha.common		pipreqs
moksha	moksha.hub		pipreqs
moksha	moksha.wsgi		pipreqs
moneyed	py_moneyed		pipreqs
mongoalchemy	MongoAlchemy		pipreqs
monthdelta	MonthDelta		pipreqs
mopidy	Mopidy		pipreqs
mopytools	MoPyTools		pipreqs
mptt	django_mptt		pipreqs
mpv	python-mpv		pipreqs
mrbob	mr.bob		pipreqs
mutations	aino_mutations		pipreqs
mws	amazon_mws		pipreqs
native_tags	django_native_tags		pipreqs
ndg	ndg_httpsclient		pipreqs
nereid	trytond_nereid		pipreqs
nested	baojinhuan		pipreqs
nester	Amauri		pipreqs
nester	abofly		pipreqs
nester	bssm_pythonSig		pipreqs
oauth2_provider	alauda_django_oauth		pipreqs
odf	odfpy		pipreqs
OFS	Zope2		pipreqs
ometa	Parsley		pipreqs
openid	python_openid		pipreqs
opensearchsdk	ali_opensearch		pipreqs
oslo_i18n	oslo.i18n		pipreqs
oslo_serialization	oslo.serialization		pipreqs
oslo_utils	oslo.utils		pipreqs
oss	alioss		pipreqs
oss	aliyun_python_sdk_oss		pipreqs
oss	aliyunoss		pipreqs
output	cashew		pipreqs
owslib	OWSLib		pipreqs
packetdiag	nwdiag		pipreqs
paintstore	django_paintstore		pipreqs
parler	django_parler		pipreqs
past	future		pipreqs
patricia	patricia-trie		pipreqs
peak	ProxyTypes		pipreqs
picasso	anderson.picasso		pipreqs
picklefield	django-picklefield		pipreqs
pilot	BigJob		pipreqs
pivotal	pivotal_py		pipreqs
play_wav	PySynth		pipreqs
playhouse	peewee		pipreqs
plivoxml	plivo		pipreqs
plonetheme	plonetheme.barceloneta		pipreqs
polymorphic	django_polymorphic		pipreqs
postmark	python_postmark		pipreqs
powerprompt	bash_powerprompt		pipreqs
prefetch	django-prefetch		pipreqs
printList	AndrewList		pipreqs
provider	django_oauth2_provider		pipreqs
puresasl	pure_sasl		pipreqs
pwiz	peewee		pipreqs
pxssh	pexpect		pipreqs
py7zlib	pylzma		pipreqs
pyAMI	pyAMI_core		pipreqs
pyarsespyder	arsespyder		pipreqs
pyasdf	asdf		pipreqs
pyaspell	aspell_python_ctypes		pipreqs
pybb	pybbm		pipreqs
pybloomfilter	pybloomfiltermmap		pipreqs
pyccuracy	Pyccuracy		pipreqs
pyck	PyCK		pipreqs
pycrfsuite	python_crfsuite		pipreqs
pydispatch	PyDispatcher		pipreqs
pygeolib	pygeocoder		pipreqs
pygraph	python_graph_core		pipreqs
pyjon	pyjon.utils		pipreqs
pyjsonrpc	python_jsonrpc		pipreqs
pykka	Pykka		pipreqs
pylogo	PyLogo		pipreqs
pylons	adhocracy_Pylons		pipreqs
pymagic	libmagic		pipreqs
pymycraawler	Amalwebcrawler		pipreqs
pynma	AbakaffeNotifier		pipreqs
pyphen	Pyphen		pipreqs
pyrimaa	AEI		pipreqs
pysideuic	PySide		pipreqs
pysynth_b	PySynth		pipreqs
pysynth_beeper	PySynth		pipreqs
pysynth_c	PySynth		pipreqs
pysynth_d	PySynth		pipreqs
pysynth_e	PySynth		pipreqs
pysynth_p	PySynth		pipreqs
pysynth_s	PySynth		pipreqs
pysynth_samp	PySynth		pipreqs
pythongettext	python_gettext		pipreqs
pythonjsonlogger	python_json_logger		pipreqs
pyutilib	PyUtilib		pipreqs
PyWCSTools	astLib		pipreqs
Pyxides	astro_pyxis		pipreqs
pyximport	Cython		pipreqs
qs	qserve		pipreqs
QtCore	PySide		pipreqs
quadtree	python_geohash		pipreqs
queue	future		pipreqs
quickapi	django_quickapi		pipreqs
quickunit	nose_quickunit		pipreqs
rackdiag	nwdiag		pipreqs
radical	radical.pilot		pipreqs
radical	radical.utils		pipreqs
readline	gnureadline		pipreqs
recaptcha_works	django_recaptcha_works		pipreqs
relstorage	RelStorage		pipreqs
reportapi	django_reportapi		pipreqs
reprlib	pies2overrides		pipreqs
requirements	requirements_parser		pipreqs
restclient	py_restclient		pipreqs
reStructuredText	Zope2		pipreqs
retrial	async_retrial		pipreqs
reversion	django_reversion		pipreqs
rhaptos2	rhaptos2.common		pipreqs
robots	django_robots		pipreqs
rosdep2	rosdep		pipreqs
rsbackends	RSFile		pipreqs
s2repoze	pysaml2		pipreqs
S3	s3cmd		pipreqs
saga	saga_python		pipreqs
saml2	pysaml2		pipreqs
samtranslator	aws-sam-translator		pipreqs
sass	libsass		pipreqs
sassc	libsass		pipreqs
sasstests	libsass		pipreqs
sassutils	libsass		pipreqs
sayhi	alex_sayhi		pipreqs
scalrtools	scalr		pipreqs
scikits	scikits.talkbox		pipreqs
scratch	scratchpy		pipreqs
screen	pexpect		pipreqs
scss	pyScss		pipreqs
sdict	dict.sorted		pipreqs
sdk_updater	android_sdk_updater		pipreqs
sekizai	django_sekizai		pipreqs
sendfile	pysendfile		pipreqs
setuputils	astor		pipreqs
Shared	Zope2		pipreqs
Signals	Zope2		pipreqs
sika	ahonya_sika		pipreqs
singleton	pysingleton		pipreqs
sittercommon	cerebrod		pipreqs
skbio	scikit_bio		pipreqs
slack	slackclient		pipreqs
smarkets	smk_python_sdk		pipreqs
snappy	ctypes_snappy		pipreqs
socketserver	pies2overrides		pipreqs
sockjs	sockjs_tornado		pipreqs
solr	solrpy		pipreqs
solution	Solution		pipreqs
sphinx_pypi_upload	ATD_document		pipreqs
sphinxcontrib	sphinxcontrib_programoutput		pipreqs
src	atlas		pipreqs
src	auto_mix_prep		pipreqs
stats_toolkit	bw_stats_toolkit		pipreqs
statsd	dogstatsd_python		pipreqs
stdnum	python_stdnum		pipreqs
Stemmer	PyStemmer		pipreqs
stoneagehtml	StoneageHTML		pipreqs
stubout	mox		pipreqs
swiftclient	python_swiftclient		pipreqs
sx	pisa		pipreqs
tabix	pytabix		pipreqs
tasksitter	cerebrod		pipreqs
teamcity	teamcity_messages		pipreqs
telebot	pyTelegramBotAPI		pipreqs
tempita	Tempita		pipreqs
tenjin	Tenjin		pipreqs
termstyle	python_termstyle		pipreqs
test	pytabix		pipreqs
Testing	Zope2		pipreqs
thclient	treeherder_client		pipreqs
threaded_multihost	django_threaded_multihost		pipreqs
threecolor	3color_Press		pipreqs
tidylib	pytidylib		pipreqs
tlw	3lwg		pipreqs
TopZooTools	topzootools		pipreqs
toredis	toredis_fork		pipreqs
tornadoredis	tornado_redis		pipreqs
tower_cli	ansible_tower_cli		pipreqs
trac	Trac		pipreqs
tracopt	Trac		pipreqs
translation_helper	android_localization_helper		pipreqs
treebeard	django_treebeard		pipreqs
TreeDisplay	DocumentTemplate		pipreqs
trytond	trytond_stock		pipreqs
tsuru	tsuru_circus		pipreqs
tvrage	python_tvrage		pipreqs
tw2	tw2.core		pipreqs
tw2	tw2.d3		pipreqs
tw2	tw2.dynforms		pipreqs
tw2	tw2.excanvas		pipreqs
tw2	tw2.forms		pipreqs
tw2	tw2.jit		pipreqs
tw2	tw2.jqplugins.flot		pipreqs
tw2	tw2.jqplugins.gritter		pipreqs
tw2	tw2.jqplugins.ui		pipreqs
tw2	tw2.jquery		pipreqs
tw2	tw2.sqla		pipreqs
txclib	transifex_client		pipreqs
u115	115wangpan		pipreqs
universe	ansible_universe		pipreqs
useless	useless.pipes		pipreqs
userpass	auth_userpass		pipreqs
utilities	automakesetup.py		pipreqs
utkik	aino_utkik		pipreqs
uwsgidecorators	uWSGI		pipreqs
valentine	ab		pipreqs
validate	configobj		pipreqs
version	chartio		pipreqs
virtualenvapi	ar_virtualenv_api		pipreqs
vyatta	brocade_plugins		pipreqs
webdav	Zope2		pipreqs
weblogolib	weblogo		pipreqs
wheezy	wheezy.caching		pipreqs
wheezy	wheezy.core		pipreqs
wheezy	wheezy.http		pipreqs
wikklytext	tiddlywebwiki		pipreqs
winreg	future		pipreqs
winrm	pywinrm		pipreqs
workflow	Alfred_Workflow		pipreqs
WorkingWithDocumentConversion	aspose_pdf_java_for_python		pipreqs
wsmeext	WSME		pipreqs
wtfpeewee	wtf_peewee		pipreqs
xdg	pyxdg		pipreqs
xdist	pytest_xdist		pipreqs
xmldsig	pysaml2		pipreqs
xmlenc	pysaml2		pipreqs
xmlrpc	pies2overrides		pipreqs
xstatic	XStatic_Font_Awesome		pipreqs
xstatic	XStatic_jQuery		pipreqs
xstatic	XStatic_jquery_ui		pipreqs
z3c	z3c.autoinclude		pipreqs
z3c	z3c.caching		pipreqs
z3c	z3c.form		pipreqs
z3c	z3c.formwidget.query		pipreqs
z3c	z3c.objpath		pipreqs
z3c	z3c.pt		pipreqs
z3c	z3c.relationfield		pipreqs
z3c	z3c.traverser		pipreqs
z3c	z3c.zcmlhook		pipreqs
zopyx	zopyx.textindexng3		pipreqs
ZPublisher	Zope2		pipreqs
ZServer	Zope2		pipreqs
ZTUtils	Zope2		pipreqs
